{
  "Total" : {
    "transaction" : "Total",
    "sampleCount" : 20,
    "errorCount" : 0,
    "errorPct" : 0.0,
    "meanResTime" : 28138.75,
    "medianResTime" : 28910.0,
    "minResTime" : 20595.0,
    "maxResTime" : 32417.0,
    "pct1ResTime" : 31601.9,
    "pct2ResTime" : 32379.75,
    "pct3ResTime" : 32417.0,
    "throughput" : 0.6072567177774404,
    "receivedKBytesPerSec" : 404.91029916881735,
    "sentKBytesPerSec" : 0.07294196902990739
  },
  "HTTP Request" : {
    "transaction" : "HTTP Request",
    "sampleCount" : 20,
    "errorCount" : 0,
    "errorPct" : 0.0,
    "meanResTime" : 28138.75,
    "medianResTime" : 28910.0,
    "minResTime" : 20595.0,
    "maxResTime" : 32417.0,
    "pct1ResTime" : 31601.9,
    "pct2ResTime" : 32379.75,
    "pct3ResTime" : 32417.0,
    "throughput" : 0.6072567177774404,
    "receivedKBytesPerSec" : 404.91029916881735,
    "sentKBytesPerSec" : 0.07294196902990739
  }
}